user_id,name,email,signup_date,device_type,app_version
1,Ira Bajwa,irabajwa206@demo.com,2024-01-08,iOS,2.9.4
2,Indrajit Chhabra,indrajitchhabra388@demo.com,2025-07-28,iOS,1.9.4
3,Ahana  Dugal,ahanadugal710@demo.com,2025-07-07,iOS,5.6.6
4,Rhea Grover,rheagrover125@demo.com,2024-10-22,iOS,2.6.0
5,Hridaan Date,hridaandate614@demo.com,2025-01-29,Android,5.1.5
6,Advika Chad,advikachad11@demo.com,2024-08-26,iOS,4.1.3
7,Fateh Banerjee,fatehbanerjee154@demo.com,2025-07-16,iOS,5.4.6
8,Shray Bhalla,shraybhalla79@demo.com,2025-05-16,Android,3.6.1
9,Purab Khatri,purabkhatri24@demo.com,2025-06-06,iOS,3.3.9
10,Parinaaz Din,parinaazdin328@demo.com,2024-12-14,Android,5.2.6
11,Dhanush Mand,dhanushmand832@demo.com,2024-09-09,iOS,3.8.4
12,Adah Saha,adahsaha176@demo.com,2025-01-01,Android,3.9.4
13,Hrishita Bumb,hrishitabumb367@demo.com,2025-05-16,iOS,1.5.2
14,Ela Bhatia,elabhatia919@demo.com,2025-05-28,Android,5.2.1
15,Pranay Bose,pranaybose432@demo.com,2025-05-08,Android,3.6.4
16,Prisha Tak,prishatak116@demo.com,2024-06-05,Android,1.9.6
17,Jayant Atwal,jayantatwal956@demo.com,2024-10-12,iOS,3.4.9
18,Pranay Sangha,pranaysangha743@demo.com,2023-11-01,iOS,3.0.0
19,Advik Shetty,advikshetty356@demo.com,2024-04-21,iOS,5.5.8
20,Riya Dey,riyadey393@demo.com,2025-06-25,iOS,3.7.0
21,Manjari Jain,manjarijain742@demo.com,2025-05-24,iOS,3.6.8
22,Heer Lata,heerlata519@demo.com,2024-04-15,Android,2.0.7
23,Kismat Chander,kismatchander593@demo.com,2025-06-10,Android,4.1.3
24,Neelofar Seshadri,neelofarseshadri17@demo.com,2024-06-30,Android,1.3.1
25,Devansh Kohli,devanshkohli422@demo.com,2025-04-25,iOS,1.2.5
26,Zain Mangal,zainmangal554@demo.com,2025-06-28,iOS,1.4.6
27,Ritvik Walia,ritvikwalia433@demo.com,2025-01-03,iOS,4.5.2
28,Saanvi Thakkar,saanvithakkar34@demo.com,2023-10-01,iOS,1.0.7
29,Hansh Vig,hanshvig539@demo.com,2024-10-31,iOS,4.1.2
30,Damini Gera,daminigera830@demo.com,2023-09-15,Android,2.8.2
31,Dhruv Raman,dhruvraman635@demo.com,2024-01-05,iOS,1.9.0
32,Elakshi Chander,elakshichander153@demo.com,2024-03-12,Android,5.9.9
33,Samarth Kakar,samarthkakar719@demo.com,2024-10-04,Android,4.5.5
34,Jiya Bhattacharyya,jiyabhattacharyya895@demo.com,2025-08-02,iOS,1.5.2
35,Onkar Sachdeva,onkarsachdeva612@demo.com,2024-08-30,iOS,4.1.3
36,Hrishita Sachdeva,hrishitasachdeva300@demo.com,2024-07-18,iOS,3.3.6
37,Indrajit Sheth,indrajitsheth511@demo.com,2025-03-29,iOS,4.5.3
38,Siya Subramaniam,siyasubramaniam409@demo.com,2025-01-22,Android,5.8.9
39,Kiaan Bir,kiaanbir755@demo.com,2025-06-11,Android,4.1.9
40,Kaira Sunder,kairasunder443@demo.com,2024-05-07,Android,2.1.8
41,Mamooty Bal,mamootybal672@demo.com,2025-08-14,iOS,5.3.2
42,Priyansh Karnik,priyanshkarnik478@demo.com,2024-09-10,iOS,1.4.0
43,Piya Mahajan,piyamahajan812@demo.com,2024-11-15,iOS,5.9.6
44,Vedika Rege,vedikarege908@demo.com,2024-05-24,iOS,3.2.4
45,Baiju Din,baijudin483@demo.com,2024-03-06,Android,4.9.3
46,Damini Lall,daminilall920@demo.com,2024-11-06,iOS,2.8.7
47,Tanya Soman,tanyasoman92@demo.com,2024-07-11,Android,2.9.6
48,Elakshi Rajagopalan,elakshirajagopalan335@demo.com,2023-09-30,iOS,1.1.1
49,Eva Anand,evaanand943@demo.com,2025-02-23,iOS,1.1.4
50,Uthkarsh Sur,uthkarshsur638@demo.com,2024-02-15,Android,2.6.3
51,Amira Mannan,amiramannan979@demo.com,2024-03-19,iOS,3.2.6
52,Prerak Bail,prerakbail34@demo.com,2024-06-04,Android,1.7.7
53,Ehsaan Mahajan,ehsaanmahajan199@demo.com,2025-06-16,iOS,2.3.4
54,Purab Koshy,purabkoshy3@demo.com,2025-03-28,iOS,2.2.2
55,Arhaan Bumb,arhaanbumb493@demo.com,2025-05-14,Android,2.0.2
56,Inaaya  Devi,inaayadevi977@demo.com,2024-06-08,iOS,1.8.1
57,Divit Cheema,divitcheema333@demo.com,2024-01-09,Android,2.7.8
58,Nirvaan Vohra,nirvaanvohra302@demo.com,2024-03-19,iOS,2.9.5
59,Nitya Sankar,nityasankar186@demo.com,2023-10-28,Android,5.7.7
60,Aradhya Bahri,aradhyabahri730@demo.com,2023-10-08,Android,4.1.7
61,Jivin Sood,jivinsood682@demo.com,2024-08-05,iOS,1.6.3
62,Oorja Comar,oorjacomar398@demo.com,2025-01-07,iOS,4.2.4
63,Saanvi Dora,saanvidora1@demo.com,2024-04-13,Android,3.6.1
64,Adira Seth,adiraseth434@demo.com,2025-05-22,iOS,4.2.9
65,Samarth Shere,samarthshere394@demo.com,2024-07-03,Android,5.0.8
66,Parinaaz Kade,parinaazkade870@demo.com,2024-09-22,iOS,3.0.8
67,Darshit Bora,darshitbora54@demo.com,2025-05-25,iOS,1.0.3
68,Mahika Raman,mahikaraman111@demo.com,2023-10-29,iOS,5.1.0
69,Ivana Bhavsar,ivanabhavsar925@demo.com,2024-04-11,iOS,2.7.5
70,Vaibhav Agarwal,vaibhavagarwal11@demo.com,2024-11-28,Android,3.0.6
71,Onkar Kanda,onkarkanda871@demo.com,2025-08-15,iOS,1.9.5
72,Yuvraj  Lad,yuvrajlad393@demo.com,2024-07-25,iOS,1.3.7
73,Bhavin Devan,bhavindevan359@demo.com,2025-08-25,Android,4.2.8
74,Reyansh Deshpande,reyanshdeshpande595@demo.com,2023-12-02,iOS,2.6.3
75,Parinaaz Sidhu,parinaazsidhu33@demo.com,2024-10-20,Android,1.8.2
76,Vritika Sanghvi,vritikasanghvi155@demo.com,2025-05-29,iOS,1.9.4
77,Adira Handa,adirahanda729@demo.com,2025-04-06,Android,1.0.1
78,Sara Ganesan,saraganesan659@demo.com,2025-06-11,Android,5.6.9
79,Zaina Lall,zainalall869@demo.com,2023-12-20,Android,3.3.5
80,Raghav Mandal,raghavmandal752@demo.com,2024-06-10,iOS,3.5.0
81,Saanvi Madan,saanvimadan978@demo.com,2023-11-04,Android,4.3.3
82,Ivan Saxena,ivansaxena931@demo.com,2024-11-04,Android,2.8.2
83,Kanav Goda,kanavgoda81@demo.com,2023-12-08,Android,4.9.2
84,Piya Mall,piyamall501@demo.com,2024-11-07,iOS,1.6.1
85,Madhav Sane,madhavsane873@demo.com,2025-02-23,iOS,5.2.0
86,Kiara Rana,kiararana127@demo.com,2024-08-29,Android,4.0.8
87,Pari Zachariah,parizachariah634@demo.com,2023-09-25,Android,2.5.1
88,Kartik Basu,kartikbasu205@demo.com,2023-12-28,iOS,3.8.2
89,Biju Gokhale,bijugokhale138@demo.com,2024-07-27,iOS,2.8.0
90,Anaya Hari,anayahari193@demo.com,2025-06-22,iOS,4.1.7
91,Gatik Krishnan,gatikkrishnan945@demo.com,2024-07-25,Android,3.7.2
92,Indrajit Arya,indrajitarya673@demo.com,2025-07-27,Android,4.1.9
93,Myra Sen,myrasen969@demo.com,2024-02-05,Android,5.1.1
94,Lavanya Bath,lavanyabath468@demo.com,2024-06-15,iOS,1.8.7
95,Tanya Malhotra,tanyamalhotra668@demo.com,2023-09-26,Android,3.6.3
96,Samarth Anne,samarthanne875@demo.com,2025-04-08,Android,1.6.6
97,Ishaan Dhar,ishaandhar5@demo.com,2025-04-25,iOS,3.8.8
98,Dhanush Konda,dhanushkonda119@demo.com,2024-02-29,iOS,4.8.8
99,Eshani Badal,eshanibadal526@demo.com,2025-06-01,Android,4.4.0
100,Zaina Suri,zainasuri93@demo.com,2025-04-30,iOS,5.7.2
101,Khushi Sharma,khushisharma436@demo.com,2025-03-26,iOS,1.3.9
102,Taimur Bhat,taimurbhat778@demo.com,2025-05-27,iOS,2.7.1
103,Nitara Dada,nitaradada568@demo.com,2023-11-30,Android,2.4.9
104,Mahika Jani,mahikajani520@demo.com,2024-12-28,Android,4.5.1
105,Anay Barad,anaybarad738@demo.com,2025-06-03,Android,1.6.9
106,Lavanya Ghosh,lavanyaghosh597@demo.com,2023-12-14,Android,1.3.1
107,Bhamini Lall,bhaminilall392@demo.com,2024-05-09,Android,5.5.6
108,Suhana Krish,suhanakrish767@demo.com,2025-03-29,Android,2.8.1
109,Devansh Johal,devanshjohal526@demo.com,2025-04-29,Android,4.6.7
110,Tushar Ray,tusharray901@demo.com,2023-12-27,iOS,3.4.8
111,Kabir Garg,kabirgarg482@demo.com,2023-10-27,iOS,4.8.5
112,Priyansh Brahmbhatt,priyanshbrahmbhatt93@demo.com,2024-07-31,Android,2.7.4
113,Madhup Choudhry,madhupchoudhry928@demo.com,2025-02-14,iOS,2.4.3
114,Yasmin Mammen,yasminmammen721@demo.com,2023-11-22,iOS,2.9.7
115,Rasha Toor,rashatoor752@demo.com,2025-05-24,Android,2.8.6
116,Ira Bhakta,irabhakta742@demo.com,2023-12-19,iOS,5.3.3
117,Ahana  Banerjee,ahanabanerjee282@demo.com,2024-05-14,Android,3.7.1
118,Shamik Dave,shamikdave877@demo.com,2025-06-24,Android,1.2.7
119,Alisha Kala,alishakala564@demo.com,2024-11-08,iOS,2.7.3
120,Anvi Shan,anvishan395@demo.com,2024-08-25,Android,4.2.1
121,Anahita Mandal,anahitamandal132@demo.com,2025-05-17,Android,1.0.3
122,Ishaan Lal,ishaanlal43@demo.com,2024-09-25,Android,5.7.1
123,Ahana  Doshi,ahanadoshi953@demo.com,2023-10-17,iOS,4.9.9
124,Dharmajan Ben,dharmajanben665@demo.com,2025-04-13,iOS,4.8.5
125,Azad Karnik,azadkarnik918@demo.com,2024-10-28,Android,1.2.4
126,Oorja Wable,oorjawable644@demo.com,2025-06-27,Android,1.6.3
127,Shaan Varghese,shaanvarghese350@demo.com,2025-04-12,Android,4.1.1
128,Sahil Baria,sahilbaria340@demo.com,2024-03-13,Android,5.1.6
129,Pranay Konda,pranaykonda806@demo.com,2024-05-22,Android,4.3.1
130,Mannat Iyengar,mannatiyengar864@demo.com,2024-12-04,Android,3.5.4
131,Bhavin Gulati,bhavingulati623@demo.com,2025-03-20,Android,3.2.3
132,Yuvraj  Baria,yuvrajbaria87@demo.com,2024-08-10,iOS,1.5.7
133,Kavya Ravel,kavyaravel490@demo.com,2024-08-03,Android,1.6.6
134,Aaryahi Bail,aaryahibail628@demo.com,2025-04-28,iOS,1.3.0
135,Aarna Vig,aarnavig999@demo.com,2023-12-23,Android,5.0.0
136,Shalv Yadav,shalvyadav22@demo.com,2024-07-27,iOS,5.9.7
137,Prerak Iyengar,prerakiyengar622@demo.com,2025-05-08,iOS,5.7.9
138,Yakshit Bir,yakshitbir500@demo.com,2025-08-13,Android,2.6.2
139,Shlok Dhar,shlokdhar431@demo.com,2024-03-11,Android,2.3.1
140,Neysa Balan,neysabalan909@demo.com,2024-12-09,Android,5.4.8
141,Biju Chand,bijuchand484@demo.com,2025-08-28,iOS,5.0.9
142,Tanya Jhaveri,tanyajhaveri759@demo.com,2025-08-18,iOS,4.7.8
143,Ivana Kannan,ivanakannan579@demo.com,2024-05-06,Android,2.8.2
144,Chirag Master,chiragmaster833@demo.com,2024-05-05,Android,1.3.9
145,Advika Ghose,advikaghose946@demo.com,2023-12-13,iOS,5.3.4
146,Nayantara Dubey,nayantaradubey578@demo.com,2025-02-10,Android,3.0.0
147,Mishti Deol,mishtideol311@demo.com,2025-07-26,Android,2.5.3
148,Ranbir Sarma,ranbirsarma868@demo.com,2025-02-19,Android,3.9.1
149,Ishaan Lad,ishaanlad432@demo.com,2023-12-15,Android,3.1.3
150,Adira Kurian,adirakurian418@demo.com,2025-03-27,iOS,1.3.3
151,Saira Dutt,sairadutt686@demo.com,2024-06-08,iOS,2.5.6
152,Anaya Dubey,anayadubey169@demo.com,2024-10-19,Android,4.8.0
153,Indrajit Wali,indrajitwali489@demo.com,2024-02-21,iOS,4.5.3
154,Saira Swaminathan,sairaswaminathan544@demo.com,2023-12-10,iOS,5.4.3
155,Divij Sibal,divijsibal766@demo.com,2023-11-11,iOS,5.8.8
156,Reyansh Sridhar,reyanshsridhar467@demo.com,2025-02-24,iOS,4.2.1
157,Nishith Chahal,nishithchahal627@demo.com,2025-05-01,Android,4.8.8
158,Ritvik Chada,ritvikchada644@demo.com,2025-06-07,Android,2.9.3
159,Mannat Som,mannatsom80@demo.com,2024-11-12,Android,1.8.9
160,Tiya Buch,tiyabuch250@demo.com,2025-08-05,iOS,5.8.5
161,Chirag Bhatti,chiragbhatti266@demo.com,2024-12-23,Android,1.8.1
162,Dhanuk Mandal,dhanukmandal713@demo.com,2023-11-02,iOS,3.3.7
163,Armaan Biswas,armaanbiswas541@demo.com,2024-01-16,Android,1.3.8
164,Anahi Gole,anahigole199@demo.com,2024-03-30,Android,4.0.0
165,Purab Mammen,purabmammen754@demo.com,2024-12-02,Android,3.8.5
166,Zara Goel,zaragoel672@demo.com,2024-10-16,Android,4.7.1
167,Kiaan Saha,kiaansaha731@demo.com,2025-06-07,Android,1.6.7
168,Jivika Vala,jivikavala189@demo.com,2024-05-07,Android,3.9.9
169,Ojas Verma,ojasverma812@demo.com,2024-08-08,Android,5.4.0
170,Taimur Sarin,taimursarin49@demo.com,2023-10-19,Android,5.2.5
171,Samiha Mannan,samihamannan7@demo.com,2025-01-26,Android,1.2.1
172,Anya Sarma,anyasarma13@demo.com,2025-03-27,iOS,2.6.7
173,Hunar Swaminathan,hunarswaminathan494@demo.com,2024-08-10,iOS,2.8.2
174,Vivaan Ramakrishnan,vivaanramakrishnan138@demo.com,2025-01-20,Android,5.3.4
175,Rohan Dayal,rohandayal824@demo.com,2024-03-23,Android,5.7.9
176,Divit Rattan,divitrattan446@demo.com,2024-09-27,Android,2.7.7
177,Rohan Sarraf,rohansarraf826@demo.com,2024-09-09,Android,1.0.6
178,Miraya Din,mirayadin151@demo.com,2025-06-16,iOS,3.7.8
179,Manjari Bir,manjaribir62@demo.com,2025-01-23,iOS,3.4.3
180,Elakshi Kamdar,elakshikamdar45@demo.com,2023-09-17,iOS,4.1.3
181,Anvi Thaker,anvithaker387@demo.com,2024-07-18,Android,5.6.2
182,Aaina Toor,aainatoor907@demo.com,2024-05-20,Android,1.2.1
183,Advika Chowdhury,advikachowdhury14@demo.com,2024-04-29,iOS,4.1.3
184,Indranil Ravel,indranilravel427@demo.com,2025-01-10,iOS,4.6.0
185,Divyansh Handa,divyanshhanda860@demo.com,2024-02-02,Android,2.7.6
186,Nehmat Yohannan,nehmatyohannan343@demo.com,2025-05-04,Android,1.1.2
187,Ranbir Tata,ranbirtata918@demo.com,2025-04-13,iOS,5.6.0
188,Stuvan Hegde,stuvanhegde113@demo.com,2023-10-29,iOS,5.8.8
189,Zara Talwar,zaratalwar942@demo.com,2025-07-21,Android,3.5.0
190,Sana Bose,sanabose503@demo.com,2023-09-08,iOS,1.7.5
191,Yasmin Vaidya,yasminvaidya225@demo.com,2024-11-23,iOS,5.6.0
192,Alisha Srivastava,alishasrivastava872@demo.com,2024-09-24,Android,5.9.4
193,Sara Sura,sarasura178@demo.com,2025-06-20,iOS,5.6.1
194,Divit Mammen,divitmammen303@demo.com,2025-06-04,iOS,3.1.2
195,Uthkarsh Butala,uthkarshbutala97@demo.com,2023-12-08,Android,3.5.6
196,Dhanush Borde,dhanushborde663@demo.com,2024-06-05,Android,4.0.0
197,Anahi Agrawal,anahiagrawal552@demo.com,2025-06-22,Android,1.5.3
198,Kavya Rout,kavyarout341@demo.com,2024-11-07,Android,4.3.9
199,Rhea Karnik,rheakarnik427@demo.com,2025-05-11,iOS,3.8.5
200,Nirvaan Virk,nirvaanvirk828@demo.com,2024-08-21,iOS,5.6.6
201,Nirvi Bhasin,nirvibhasin636@demo.com,2023-10-26,iOS,2.6.9
202,Miraan Bains,miraanbains156@demo.com,2023-09-29,Android,5.5.5
203,Kanav Ramakrishnan,kanavramakrishnan735@demo.com,2023-10-03,Android,5.4.3
204,Ehsaan Khanna,ehsaankhanna425@demo.com,2024-09-27,Android,1.8.0
205,Anvi Suri,anvisuri744@demo.com,2024-09-14,iOS,4.7.3
206,Damini Goda,daminigoda563@demo.com,2024-02-20,iOS,4.9.5
207,Mahika Dada,mahikadada404@demo.com,2024-01-16,Android,4.8.5
208,Yashvi Walia,yashviwalia497@demo.com,2025-06-29,iOS,2.9.0
209,Ela Tiwari,elatiwari844@demo.com,2025-01-04,iOS,1.3.2
210,Taimur Venkataraman,taimurvenkataraman130@demo.com,2025-03-25,iOS,2.2.0
211,Indrajit Soni,indrajitsoni571@demo.com,2023-11-22,Android,2.2.1
212,Shray Chaudhuri,shraychaudhuri986@demo.com,2024-01-16,iOS,4.8.5
213,Miraan Sahota,miraansahota203@demo.com,2023-12-31,Android,5.0.1
214,Dhruv Sarkar,dhruvsarkar836@demo.com,2023-11-04,Android,4.7.3
215,Chirag Chander,chiragchander663@demo.com,2023-11-21,iOS,5.8.7
216,Arhaan Singhal,arhaansinghal201@demo.com,2025-03-14,iOS,3.3.3
217,Anya Thaman,anyathaman780@demo.com,2025-01-03,iOS,5.1.8
218,Drishya Andra,drishyaandra945@demo.com,2024-06-05,iOS,1.6.5
219,Divit Jain,divitjain85@demo.com,2024-01-26,iOS,5.3.3
220,Riya Saraf,riyasaraf260@demo.com,2025-09-02,iOS,5.8.2
221,Aarav Thakkar,aaravthakkar669@demo.com,2023-10-04,Android,5.9.0
222,Inaaya  Gara,inaayagara697@demo.com,2024-11-14,Android,3.9.2
223,Yuvaan Banik,yuvaanbanik549@demo.com,2023-11-16,Android,2.8.1
224,Drishya Apte,drishyaapte981@demo.com,2023-10-02,iOS,2.1.5
225,Vivaan Sharma,vivaansharma178@demo.com,2024-07-03,Android,3.5.4
226,Vedika Sankaran,vedikasankaran294@demo.com,2025-06-04,iOS,4.1.5
227,Yashvi Hari,yashvihari759@demo.com,2025-02-01,Android,4.8.5
228,Vihaan Sethi,vihaansethi930@demo.com,2024-06-20,Android,4.5.3
229,Taran Sastry,taransastry616@demo.com,2024-06-04,Android,3.3.2
230,Uthkarsh Rastogi,uthkarshrastogi977@demo.com,2024-06-05,iOS,2.3.5
231,Vaibhav Yohannan,vaibhavyohannan124@demo.com,2025-04-10,iOS,4.7.3
232,Samar Mani,samarmani297@demo.com,2024-12-31,Android,4.5.7
233,Ryan Dani,ryandani184@demo.com,2025-06-10,iOS,4.7.2
234,Jhanvi Krishnamurthy,jhanvikrishnamurthy912@demo.com,2024-07-05,Android,2.2.3
235,Samiha Sunder,samihasunder555@demo.com,2024-07-14,iOS,1.6.5
236,Mishti Baral,mishtibaral588@demo.com,2024-04-18,Android,3.9.3
237,Nehmat Shan,nehmatshan190@demo.com,2025-02-12,iOS,5.7.9
238,Samiha Srinivasan,samihasrinivasan966@demo.com,2024-05-18,Android,4.8.4
239,Yuvraj  Bawa,yuvrajbawa349@demo.com,2025-08-23,Android,3.5.1
240,Misha Sur,mishasur289@demo.com,2024-11-18,iOS,1.0.8
241,Alia Manda,aliamanda358@demo.com,2024-03-31,iOS,3.6.4
242,Riaan Rajagopal,riaanrajagopal453@demo.com,2023-09-27,Android,5.2.2
243,Advik Handa,advikhanda588@demo.com,2025-04-23,iOS,2.4.9
244,Anahita Sama,anahitasama97@demo.com,2024-08-22,iOS,3.0.3
245,Yasmin Shankar,yasminshankar804@demo.com,2024-02-28,iOS,4.4.9
246,Azad Talwar,azadtalwar64@demo.com,2023-10-26,Android,2.2.8
247,Shamik Bandi,shamikbandi278@demo.com,2025-08-25,iOS,3.7.3
248,Ela Batra,elabatra703@demo.com,2025-04-26,iOS,2.8.6
249,Yasmin Raju,yasminraju582@demo.com,2024-04-11,Android,5.4.6
250,Nitya Subramanian,nityasubramanian137@demo.com,2025-02-19,iOS,5.5.9
251,Myra Roy,myraroy900@demo.com,2023-12-08,Android,1.8.3
252,Aarav Bahri,aaravbahri705@demo.com,2023-09-23,iOS,3.8.5
253,Ranbir Kumar,ranbirkumar766@demo.com,2023-12-26,Android,3.1.8
254,Anay Kamdar,anaykamdar786@demo.com,2024-10-20,iOS,1.5.7
255,Riya Dhillon,riyadhillon416@demo.com,2024-01-23,iOS,2.9.9
256,Hiran Kibe,hirankibe329@demo.com,2023-10-23,iOS,4.0.8
257,Taran Rajan,taranrajan740@demo.com,2023-09-14,iOS,4.8.8
258,Vanya Bansal,vanyabansal488@demo.com,2025-04-24,iOS,5.5.2
259,Himmat Khurana,himmatkhurana432@demo.com,2023-11-21,Android,5.9.2
260,Mannat Dasgupta,mannatdasgupta998@demo.com,2024-10-29,Android,4.6.0
261,Arnav Sagar,arnavsagar340@demo.com,2024-12-13,Android,5.1.7
262,Ritvik Warrior,ritvikwarrior759@demo.com,2025-08-26,Android,1.9.2
263,Bhavin Gole,bhavingole621@demo.com,2025-05-31,Android,5.2.6
264,Ojas Sama,ojassama636@demo.com,2025-01-15,Android,5.6.2
265,Nayantara Lal,nayantaralal343@demo.com,2023-09-07,Android,1.0.4
266,Samiha Kalla,samihakalla805@demo.com,2025-07-19,Android,1.8.8
267,Aarna Mander,aarnamander222@demo.com,2024-06-02,Android,1.2.6
268,Dishani Shah,dishanishah333@demo.com,2024-11-07,iOS,5.7.3
269,Uthkarsh Bhardwaj,uthkarshbhardwaj809@demo.com,2024-12-31,Android,4.6.4
270,Umang Kari,umangkari367@demo.com,2023-12-13,Android,4.8.4
271,Gokul Chad,gokulchad333@demo.com,2025-04-20,iOS,5.5.0
272,Damini Varughese,daminivarughese881@demo.com,2025-05-16,iOS,2.1.4
273,Anahita Kuruvilla,anahitakuruvilla535@demo.com,2023-10-29,iOS,1.5.9
274,Anika Bhagat,anikabhagat374@demo.com,2025-02-18,iOS,1.3.4
275,Eva Majumdar,evamajumdar252@demo.com,2025-01-22,iOS,3.9.4
276,Uthkarsh Chandra,uthkarshchandra768@demo.com,2024-11-09,iOS,2.6.6
277,Samar Rajagopalan,samarrajagopalan1@demo.com,2025-03-01,Android,4.8.3
278,Pari Kadakia,parikadakia281@demo.com,2024-07-29,iOS,2.1.6
279,Kabir Balasubramanian,kabirbalasubramanian34@demo.com,2025-05-24,iOS,5.2.6
280,Jiya Dara,jiyadara267@demo.com,2025-03-02,iOS,2.0.5
281,Umang Bora,umangbora447@demo.com,2024-01-27,iOS,5.3.9
282,Anvi Keer,anvikeer376@demo.com,2023-12-18,Android,4.6.6
283,Dhanuk Bansal,dhanukbansal706@demo.com,2024-10-14,iOS,5.5.7
284,Manjari Cherian,manjaricherian85@demo.com,2025-04-11,Android,3.5.2
285,Lavanya Apte,lavanyaapte102@demo.com,2024-05-16,iOS,1.9.5
286,Vihaan Kothari,vihaankothari865@demo.com,2024-03-28,Android,1.3.9
287,Samar Aurora,samaraurora299@demo.com,2024-07-13,Android,3.8.1
288,Tarini Dua,tarinidua238@demo.com,2025-08-07,Android,1.2.6
289,Mohanlal Sood,mohanlalsood79@demo.com,2025-04-23,iOS,3.8.4
290,Jayesh Krish,jayeshkrish168@demo.com,2025-04-26,Android,2.9.9
291,Ishaan Din,ishaandin191@demo.com,2025-08-10,iOS,2.6.1
292,Hridaan Randhawa,hridaanrandhawa977@demo.com,2025-06-26,Android,5.6.9
293,Kabir Bhandari,kabirbhandari754@demo.com,2025-07-11,iOS,3.7.6
294,Devansh Das,devanshdas906@demo.com,2024-08-19,Android,3.1.9
295,Rhea Mahajan,rheamahajan718@demo.com,2024-04-30,Android,1.7.2
296,Neelofar Chandran,neelofarchandran465@demo.com,2024-06-20,Android,3.2.2
297,Trisha Ganguly,trishaganguly689@demo.com,2025-04-24,iOS,5.8.4
298,Advika Mand,advikamand2@demo.com,2024-11-19,iOS,2.0.0
299,Priyansh Keer,priyanshkeer769@demo.com,2025-03-07,iOS,2.1.4
300,Eshani Srinivasan,eshanisrinivasan780@demo.com,2023-10-31,Android,5.1.2
301,Hansh Issac,hanshissac370@demo.com,2025-05-01,iOS,4.1.6
302,Navya Krishnamurthy,navyakrishnamurthy900@demo.com,2024-11-01,Android,3.1.5
303,Ranbir Raju,ranbirraju432@demo.com,2023-12-16,iOS,4.4.9
304,Ojas Basu,ojasbasu974@demo.com,2024-11-20,Android,4.8.7
305,Misha Thakkar,mishathakkar959@demo.com,2024-10-09,iOS,3.5.7
306,Alisha Vaidya,alishavaidya147@demo.com,2024-10-20,Android,3.8.1
307,Madhav Chopra,madhavchopra426@demo.com,2024-07-22,iOS,5.6.0
308,Nayantara Mahal,nayantaramahal590@demo.com,2024-03-25,iOS,3.0.4
309,Devansh Desai,devanshdesai591@demo.com,2024-10-21,Android,5.4.7
310,Ivana Majumdar,ivanamajumdar508@demo.com,2024-08-04,iOS,2.6.1
311,Anaya Ghosh,anayaghosh375@demo.com,2025-06-18,Android,5.1.0
312,Amani Savant,amanisavant608@demo.com,2025-03-05,Android,4.9.3
313,Dhanuk Dewan,dhanukdewan509@demo.com,2024-02-10,Android,2.2.3
314,Ivana Suresh,ivanasuresh144@demo.com,2025-08-03,Android,2.1.5
315,Samarth Gokhale,samarthgokhale68@demo.com,2024-08-30,Android,1.8.9
316,Adira Setty,adirasetty131@demo.com,2024-11-16,Android,2.3.4
317,Miraan Upadhyay,miraanupadhyay275@demo.com,2024-11-01,iOS,4.4.5
318,Aayush Talwar,aayushtalwar587@demo.com,2025-05-20,Android,2.4.0
319,Ishita Maharaj,ishitamaharaj821@demo.com,2024-08-17,iOS,3.1.6
320,Mannat Sani,mannatsani838@demo.com,2025-03-10,Android,5.8.7
321,Adah Badal,adahbadal884@demo.com,2024-03-15,iOS,1.0.8
322,Vidur Golla,vidurgolla954@demo.com,2024-12-09,Android,4.3.6
323,Sumer Guha,sumerguha285@demo.com,2024-08-28,Android,5.7.4
324,Anaya Rout,anayarout760@demo.com,2025-08-01,iOS,5.2.9
325,Prerak Mani,prerakmani433@demo.com,2023-09-09,Android,4.1.1
326,Amani Buch,amanibuch890@demo.com,2024-10-07,Android,2.1.6
327,Elakshi De,elakshide800@demo.com,2025-04-24,Android,3.6.9
328,Lakshay Bhargava,lakshaybhargava545@demo.com,2025-07-15,iOS,5.9.3
329,Elakshi Wali,elakshiwali554@demo.com,2025-06-01,iOS,3.5.5
330,Neysa Bhargava,neysabhargava371@demo.com,2025-07-23,Android,1.6.4
331,Shanaya Sehgal,shanayasehgal117@demo.com,2024-01-06,iOS,1.2.7
332,Advik Bhavsar,advikbhavsar475@demo.com,2025-08-25,Android,1.6.7
333,Kartik Verma,kartikverma566@demo.com,2025-06-29,Android,3.8.5
334,Kabir Lalla,kabirlalla708@demo.com,2024-12-12,Android,1.2.2
335,Mohanlal Gopal,mohanlalgopal812@demo.com,2025-03-30,iOS,4.1.9
336,Sana Madan,sanamadan206@demo.com,2023-12-17,Android,3.3.4
337,Shalv Varty,shalvvarty864@demo.com,2024-06-17,iOS,4.0.8
338,Advik Bumb,advikbumb309@demo.com,2025-07-09,Android,2.1.6
339,Yuvaan Dayal,yuvaandayal162@demo.com,2023-10-04,Android,2.7.1
340,Kiara Brahmbhatt,kiarabrahmbhatt122@demo.com,2024-02-25,iOS,5.6.0
341,Bhamini Mani,bhaminimani125@demo.com,2024-08-23,iOS,2.9.9
342,Sana Deo,sanadeo74@demo.com,2023-09-07,iOS,5.7.6
343,Kartik Gole,kartikgole283@demo.com,2025-08-07,iOS,2.5.9
344,Ryan Chaudhuri,ryanchaudhuri83@demo.com,2025-04-26,iOS,3.6.7
345,Ishaan Bhandari,ishaanbhandari353@demo.com,2024-05-30,iOS,5.9.9
346,Hridaan Balasubramanian,hridaanbalasubramanian951@demo.com,2024-10-16,Android,5.0.1
347,Lakshay Kapadia,lakshaykapadia567@demo.com,2024-11-07,iOS,2.1.1
348,Jhanvi Mall,jhanvimall830@demo.com,2024-02-21,iOS,2.1.9
349,Gokul Bahl,gokulbahl511@demo.com,2025-06-16,iOS,2.9.7
350,Tara Yadav,tarayadav226@demo.com,2025-08-14,iOS,1.6.6
351,Zara Ramakrishnan,zararamakrishnan592@demo.com,2024-05-16,iOS,5.8.7
352,Nitya Ram,nityaram879@demo.com,2024-06-17,Android,3.9.3
353,Shamik Bir,shamikbir986@demo.com,2023-10-16,Android,1.0.6
354,Ehsaan Dasgupta,ehsaandasgupta318@demo.com,2025-06-14,Android,4.2.7
355,Adah Sood,adahsood269@demo.com,2024-03-09,Android,5.0.5
356,Rati Kibe,ratikibe224@demo.com,2024-04-05,iOS,2.6.7
357,Jhanvi Mani,jhanvimani596@demo.com,2025-01-05,iOS,3.4.5
358,Zain Mahal,zainmahal762@demo.com,2025-08-09,Android,3.8.2
359,Nitara Sethi,nitarasethi674@demo.com,2023-10-12,Android,4.6.8
360,Ira Sundaram,irasundaram322@demo.com,2024-09-01,Android,1.0.3
361,Damini Cheema,daminicheema37@demo.com,2025-08-23,Android,2.8.6
362,Lakshit Babu,lakshitbabu39@demo.com,2025-07-13,Android,2.2.3
363,Shalv Bawa,shalvbawa637@demo.com,2023-11-26,Android,2.6.1
364,Drishya Dugal,drishyadugal610@demo.com,2024-11-27,Android,3.2.5
365,Sana Rajagopal,sanarajagopal471@demo.com,2025-07-05,iOS,2.3.8
366,Mishti Borah,mishtiborah758@demo.com,2024-02-08,Android,2.6.1
367,Hazel Shukla,hazelshukla115@demo.com,2023-12-15,iOS,3.0.8
368,Fateh Bir,fatehbir589@demo.com,2024-04-25,Android,5.0.8
369,Ishaan Khalsa,ishaankhalsa974@demo.com,2024-03-20,iOS,4.9.0
370,Nakul Mahajan,nakulmahajan225@demo.com,2023-09-27,iOS,1.4.4
371,Nitya Vora,nityavora78@demo.com,2024-06-11,iOS,5.4.9
372,Damini Subramanian,daminisubramanian677@demo.com,2024-02-05,Android,1.2.7
373,Alisha Virk,alishavirk833@demo.com,2024-03-13,Android,5.3.1
374,Renee Roy,reneeroy909@demo.com,2025-01-15,iOS,5.7.4
375,Miraan Kumar,miraankumar204@demo.com,2025-07-06,iOS,5.6.1
376,Anya Madan,anyamadan725@demo.com,2024-09-02,Android,5.0.5
377,Kanav Choudhary,kanavchoudhary428@demo.com,2024-06-22,iOS,2.9.8
378,Navya Karnik,navyakarnik169@demo.com,2023-09-29,Android,2.7.2
379,Yuvraj  Soman,yuvrajsoman973@demo.com,2024-11-24,iOS,1.8.1
380,Armaan Divan,armaandivan796@demo.com,2023-11-10,Android,4.3.8
381,Oorja Dora,oorjadora981@demo.com,2023-09-19,Android,4.8.2
382,Ira Varghese,iravarghese64@demo.com,2024-05-24,iOS,2.7.5
383,Arhaan Joshi,arhaanjoshi451@demo.com,2025-01-18,Android,4.5.2
384,Faiyaz Mander,faiyazmander774@demo.com,2024-05-09,iOS,2.3.5
385,Hiran Contractor,hirancontractor899@demo.com,2024-09-29,Android,2.1.4
386,Jayant Upadhyay,jayantupadhyay767@demo.com,2024-01-11,Android,4.0.7
387,Riya Iyer,riyaiyer386@demo.com,2023-11-06,iOS,2.1.9
388,Miraya Kuruvilla,mirayakuruvilla22@demo.com,2024-05-03,Android,2.9.3
389,Rhea Mandal,rheamandal110@demo.com,2024-10-07,Android,4.0.7
390,Divij Doshi,divijdoshi134@demo.com,2024-03-15,Android,1.5.5
391,Dhruv Sibal,dhruvsibal336@demo.com,2024-05-04,iOS,5.6.2
392,Kiaan Tiwari,kiaantiwari437@demo.com,2023-11-04,Android,3.7.8
393,Zoya Kade,zoyakade825@demo.com,2024-02-23,iOS,5.6.3
394,Anvi Kota,anvikota80@demo.com,2024-07-24,Android,2.4.8
395,Rania Suresh,raniasuresh641@demo.com,2025-09-01,iOS,1.7.0
396,Anahi Vyas,anahivyas431@demo.com,2024-06-16,iOS,2.4.4
397,Shalv Borah,shalvborah312@demo.com,2025-06-13,iOS,1.1.6
398,Kabir Sathe,kabirsathe329@demo.com,2024-05-29,iOS,5.5.4
399,Darshit Wagle,darshitwagle665@demo.com,2024-02-25,Android,3.9.6
400,Pranay Swaminathan,pranayswaminathan335@demo.com,2025-08-08,iOS,1.1.9
401,Shalv Gole,shalvgole880@demo.com,2025-02-17,iOS,2.3.2
402,Gokul Borra,gokulborra289@demo.com,2025-01-13,iOS,3.5.3
403,Kartik Sabharwal,kartiksabharwal404@demo.com,2024-07-19,Android,1.6.2
404,Dhruv Saran,dhruvsaran74@demo.com,2023-10-20,iOS,1.6.6
405,Krish Wadhwa,krishwadhwa636@demo.com,2025-07-26,Android,3.2.0
406,Elakshi Gulati,elakshigulati369@demo.com,2025-04-23,iOS,2.9.3
407,Renee Kala,reneekala69@demo.com,2024-04-07,iOS,1.1.1
408,Zeeshan Shroff,zeeshanshroff926@demo.com,2024-08-28,iOS,4.8.0
409,Jhanvi Choudhury,jhanvichoudhury91@demo.com,2025-08-02,iOS,2.3.8
410,Ishaan Singhal,ishaansinghal182@demo.com,2024-08-02,iOS,1.0.5
411,Priyansh Chokshi,priyanshchokshi508@demo.com,2025-06-30,iOS,5.8.8
412,Dhanush Ganesan,dhanushganesan33@demo.com,2024-12-10,iOS,1.0.6
413,Adira Halder,adirahalder638@demo.com,2024-01-26,Android,3.6.5
414,Shaan Sachdev,shaansachdev238@demo.com,2024-11-05,Android,4.4.9
415,Sana Konda,sanakonda588@demo.com,2025-01-23,iOS,3.2.0
416,Rania Shan,raniashan366@demo.com,2024-04-22,Android,4.4.5
417,Romil Dhaliwal,romildhaliwal866@demo.com,2023-11-05,Android,1.2.2
418,Vaibhav Raja,vaibhavraja719@demo.com,2025-07-28,Android,2.7.5
419,Samaira Kata,samairakata537@demo.com,2025-02-25,Android,4.9.3
420,Sumer Sarkar,sumersarkar906@demo.com,2024-06-06,iOS,5.8.6
421,Dharmajan Kaur,dharmajankaur313@demo.com,2024-03-26,Android,1.9.3
422,Dharmajan Chakraborty,dharmajanchakraborty344@demo.com,2025-01-24,iOS,3.1.0
423,Prisha Ravi,prisharavi451@demo.com,2025-04-27,iOS,2.0.9
424,Divyansh Bandi,divyanshbandi842@demo.com,2023-12-10,Android,1.8.0
425,Rania Kalla,raniakalla200@demo.com,2024-11-19,iOS,3.5.8
426,Charvi Toor,charvitoor311@demo.com,2024-09-07,Android,4.5.2
427,Hrishita Saraf,hrishitasaraf101@demo.com,2023-10-20,Android,3.7.8
428,Kashvi Rajan,kashvirajan932@demo.com,2025-05-16,Android,2.3.5
429,Lakshay Sankar,lakshaysankar262@demo.com,2024-10-16,Android,4.9.2
430,Sahil Ahuja,sahilahuja384@demo.com,2024-08-02,Android,3.8.4
431,Kanav Mahal,kanavmahal511@demo.com,2023-09-12,iOS,4.8.8
432,Raunak Lata,raunaklata558@demo.com,2023-09-22,Android,3.1.5
433,Biju Kari,bijukari609@demo.com,2025-07-23,iOS,3.7.7
434,Yuvaan Sibal,yuvaansibal71@demo.com,2024-04-13,iOS,5.7.2
435,Shayak Ramachandran,shayakramachandran570@demo.com,2024-08-09,iOS,2.5.5
436,Raunak Agarwal,raunakagarwal414@demo.com,2025-07-23,Android,1.6.5
437,Pihu Brahmbhatt,pihubrahmbhatt432@demo.com,2024-12-29,iOS,3.5.6
438,Jayesh Ben,jayeshben102@demo.com,2024-12-22,iOS,2.4.9
439,Shamik Deshpande,shamikdeshpande737@demo.com,2025-05-05,iOS,5.4.8
440,Ishaan Tank,ishaantank434@demo.com,2024-03-02,Android,3.5.5
441,Yashvi Bhatti,yashvibhatti88@demo.com,2023-12-06,iOS,2.8.8
442,Arhaan Dave,arhaandave828@demo.com,2025-08-29,iOS,5.8.0
443,Anay Gade,anaygade44@demo.com,2025-01-29,iOS,2.4.4
444,Jayan Agarwal,jayanagarwal831@demo.com,2024-01-28,Android,4.5.3
445,Aarush Mall,aarushmall820@demo.com,2025-01-20,iOS,3.6.4
446,Divij Shere,divijshere589@demo.com,2024-01-07,iOS,4.9.0
447,Drishya Chana,drishyachana782@demo.com,2024-03-30,iOS,3.3.4
448,Jivin Gala,jivingala493@demo.com,2024-04-04,iOS,4.6.4
449,Inaaya  Dada,inaayadada507@demo.com,2023-11-28,iOS,2.2.6
450,Aarna Arora,aarnaarora595@demo.com,2025-05-02,Android,1.6.0
451,Aarna Sandal,aarnasandal701@demo.com,2024-02-01,iOS,1.5.1
452,Biju Bhatt,bijubhatt949@demo.com,2025-06-26,iOS,3.5.5
453,Kabir Sahni,kabirsahni315@demo.com,2025-07-08,iOS,4.0.7
454,Faiyaz Biswas,faiyazbiswas240@demo.com,2024-09-18,iOS,4.5.3
455,Prerak Kala,prerakkala757@demo.com,2024-08-01,Android,3.5.3
456,Tarini Bail,tarinibail788@demo.com,2024-11-14,Android,1.3.6
457,Kismat Banik,kismatbanik444@demo.com,2024-11-08,iOS,1.3.0
458,Sana Das,sanadas268@demo.com,2024-11-05,Android,3.4.5
459,Manjari Hora,manjarihora903@demo.com,2025-04-27,Android,1.7.1
460,Vanya Kala,vanyakala308@demo.com,2024-05-03,iOS,2.5.0
461,Zain Roy,zainroy168@demo.com,2024-12-31,iOS,5.5.3
462,Aarush Gill,aarushgill442@demo.com,2023-12-13,iOS,5.0.5
463,Siya Sankar,siyasankar651@demo.com,2025-06-23,iOS,2.8.2
464,Reyansh Rao,reyanshrao486@demo.com,2024-02-05,iOS,4.3.3
465,Rasha Loyal,rashaloyal498@demo.com,2025-02-09,Android,4.5.0
466,Lakshit Dyal,lakshitdyal912@demo.com,2024-02-23,iOS,3.4.7
467,Aradhya Sekhon,aradhyasekhon602@demo.com,2025-02-12,Android,4.0.0
468,Kabir Sathe,kabirsathe279@demo.com,2025-05-01,Android,5.1.0
469,Zoya Dasgupta,zoyadasgupta120@demo.com,2024-08-04,Android,3.2.4
470,Divit Venkataraman,divitvenkataraman237@demo.com,2024-09-04,iOS,1.5.8
471,Nirvi Chaudhari,nirvichaudhari624@demo.com,2024-02-13,Android,1.7.0
472,Ranbir Butala,ranbirbutala726@demo.com,2024-02-04,iOS,4.2.8
473,Yasmin Mangal,yasminmangal93@demo.com,2024-04-24,iOS,2.5.3
474,Jivin Chaudry,jivinchaudry973@demo.com,2024-10-19,iOS,3.9.0
475,Samar Thakkar,samarthakkar151@demo.com,2024-08-29,iOS,1.8.5
476,Darshit Madan,darshitmadan481@demo.com,2024-11-08,Android,5.4.4
477,Anika Sankar,anikasankar590@demo.com,2025-05-02,Android,1.6.8
478,Saanvi Kothari,saanvikothari271@demo.com,2024-04-22,Android,5.9.9
479,Alisha Sangha,alishasangha615@demo.com,2024-05-16,iOS,4.1.2
480,Biju Kade,bijukade610@demo.com,2025-08-02,Android,1.0.3
481,Shamik Bhagat,shamikbhagat451@demo.com,2025-07-06,iOS,5.6.3
482,Jivin Chatterjee,jivinchatterjee379@demo.com,2024-06-16,Android,5.9.6
483,Anahita Bobal,anahitabobal682@demo.com,2024-04-12,iOS,2.7.6
484,Rania Vohra,raniavohra457@demo.com,2025-03-02,iOS,3.4.3
485,Dhanush Bains,dhanushbains244@demo.com,2023-10-17,iOS,2.3.9
486,Nehmat Venkataraman,nehmatvenkataraman11@demo.com,2025-01-24,Android,2.0.9
487,Ahana  Suri,ahanasuri186@demo.com,2025-04-16,iOS,3.8.2
488,Shaan Brar,shaanbrar954@demo.com,2025-03-13,iOS,2.9.2
489,Diya Sabharwal,diyasabharwal774@demo.com,2024-06-27,iOS,4.5.9
490,Krish Saraf,krishsaraf687@demo.com,2023-12-01,iOS,2.5.1
491,Vihaan Singh,vihaansingh460@demo.com,2025-08-27,Android,4.3.8
492,Dhruv Datta,dhruvdatta219@demo.com,2025-02-12,Android,5.2.8
493,Raunak Ramachandran,raunakramachandran101@demo.com,2025-02-23,Android,4.7.4
494,Sahil Sen,sahilsen253@demo.com,2024-09-25,Android,5.7.4
495,Hiran Tata,hirantata61@demo.com,2024-12-13,iOS,5.6.5
496,Hunar Chandran,hunarchandran271@demo.com,2025-02-06,iOS,2.4.4
497,Amira Kumer,amirakumer987@demo.com,2024-12-02,iOS,1.7.3
498,Hazel Mall,hazelmall900@demo.com,2024-10-22,Android,4.3.2
499,Samar Ranganathan,samarranganathan310@demo.com,2025-04-01,iOS,2.6.8
500,Diya Ghosh,diyaghosh876@demo.com,2023-10-13,iOS,4.6.4
501,Purab Goswami,purabgoswami628@demo.com,2025-05-25,Android,3.7.9
502,Sumer Thaman,sumerthaman406@demo.com,2024-12-13,iOS,2.9.7
503,Aayush Ray,aayushray536@demo.com,2025-04-20,Android,1.8.3
504,Badal Ranganathan,badalranganathan36@demo.com,2025-03-15,Android,2.6.5
505,Aradhya Goswami,aradhyagoswami601@demo.com,2024-12-18,iOS,4.8.3
506,Jivin Kapoor,jivinkapoor254@demo.com,2025-04-09,Android,3.5.4
507,Mohanlal Mangat,mohanlalmangat894@demo.com,2023-09-09,Android,5.9.7
508,Shray Kothari,shraykothari166@demo.com,2025-07-23,iOS,3.2.1
509,Onkar Rout,onkarrout690@demo.com,2024-03-18,Android,4.2.9
510,Heer Hari,heerhari440@demo.com,2024-08-14,Android,2.9.9
511,Heer Kala,heerkala347@demo.com,2024-12-03,iOS,1.8.4
512,Samiha Sood,samihasood483@demo.com,2024-04-01,iOS,5.2.0
513,Alia Talwar,aliatalwar418@demo.com,2025-08-02,Android,1.3.0
514,Neysa Edwin,neysaedwin77@demo.com,2025-04-22,Android,2.8.9
515,Oorja Chad,oorjachad979@demo.com,2024-11-10,iOS,2.3.3
516,Pranay Sahota,pranaysahota492@demo.com,2024-10-29,iOS,5.3.8
517,Diya Dhar,diyadhar375@demo.com,2024-11-01,iOS,4.5.2
518,Chirag Chopra,chiragchopra785@demo.com,2024-12-03,iOS,3.1.8
519,Nitya Chaudry,nityachaudry98@demo.com,2025-02-22,Android,5.1.6
520,Vidur Jain,vidurjain588@demo.com,2023-11-08,iOS,5.3.4
521,Umang Sarkar,umangsarkar173@demo.com,2024-05-11,Android,4.4.4
522,Shayak Shan,shayakshan87@demo.com,2024-06-28,iOS,5.4.9
523,Nitara Chaudhary,nitarachaudhary861@demo.com,2025-08-29,Android,5.0.5
524,Shaan Mandal,shaanmandal728@demo.com,2024-05-27,iOS,5.1.9
525,Anika Madan,anikamadan966@demo.com,2024-06-14,iOS,4.1.7
526,Heer Datta,heerdatta642@demo.com,2024-03-12,Android,2.0.5
527,Zara Goswami,zaragoswami766@demo.com,2024-06-26,Android,4.5.9
528,Farhan D’Alia,farhand’alia424@demo.com,2024-01-24,Android,4.2.1
529,Lakshit Bains,lakshitbains899@demo.com,2023-09-29,Android,4.3.1
530,Inaaya  Banik,inaayabanik181@demo.com,2025-05-23,Android,5.4.9
531,Trisha Dara,trishadara45@demo.com,2024-09-24,iOS,2.9.3
532,Aarav Shukla,aaravshukla679@demo.com,2024-08-13,Android,5.9.2
533,Neelofar Yogi,neelofaryogi371@demo.com,2023-11-28,Android,1.9.6
534,Kashvi Ghosh,kashvighosh436@demo.com,2024-10-13,Android,1.1.4
535,Misha Babu,mishababu462@demo.com,2023-09-10,Android,3.2.8
536,Vritika Saran,vritikasaran533@demo.com,2025-09-02,Android,3.8.4
537,Raghav Sastry,raghavsastry999@demo.com,2024-06-22,iOS,5.3.1
538,Advik Sastry,adviksastry851@demo.com,2024-01-12,Android,3.1.6
539,Ritvik Warrior,ritvikwarrior309@demo.com,2024-09-17,iOS,5.3.3
540,Alisha De,alishade495@demo.com,2024-06-26,Android,4.9.3
541,Rania Sethi,raniasethi619@demo.com,2024-04-26,Android,4.3.0
542,Rohan Sharma,rohansharma478@demo.com,2023-12-30,Android,2.0.1
543,Shray Dugal,shraydugal948@demo.com,2024-10-04,iOS,2.1.9
544,Suhana Sagar,suhanasagar681@demo.com,2023-09-20,Android,5.7.1
545,Prerak Loke,prerakloke406@demo.com,2023-09-24,iOS,4.8.2
546,Akarsh Hegde,akarshhegde368@demo.com,2023-10-06,Android,2.2.1
547,Kabir Vohra,kabirvohra193@demo.com,2025-02-17,Android,5.6.5
548,Nitara Roy,nitararoy533@demo.com,2025-03-04,Android,2.0.4
549,Kashvi Borra,kashviborra308@demo.com,2023-11-26,iOS,5.5.7
550,Urvi Chauhan,urvichauhan466@demo.com,2024-05-27,Android,4.6.0
551,Alia Talwar,aliatalwar62@demo.com,2024-06-06,iOS,3.2.7
552,Adah Swaminathan,adahswaminathan954@demo.com,2025-01-25,iOS,5.6.6
553,Shanaya Krishna,shanayakrishna808@demo.com,2025-08-31,iOS,2.7.1
554,Yuvaan Bajwa,yuvaanbajwa311@demo.com,2024-11-05,iOS,2.9.7
555,Aayush Bera,aayushbera854@demo.com,2023-09-13,iOS,2.0.0
556,Miraan Chaudhari,miraanchaudhari829@demo.com,2024-02-27,iOS,2.8.1
557,Keya Kurian,keyakurian738@demo.com,2023-10-21,Android,4.7.0
558,Lavanya Dixit,lavanyadixit698@demo.com,2025-08-23,iOS,2.5.0
559,Rasha Chad,rashachad638@demo.com,2024-10-09,Android,5.7.6
560,Tanya Joshi,tanyajoshi533@demo.com,2024-01-08,Android,2.8.0
561,Zain Ramesh,zainramesh702@demo.com,2025-02-25,Android,3.0.2
562,Tanya Garde,tanyagarde455@demo.com,2024-10-30,iOS,1.2.8
563,Rhea Bhatt,rheabhatt173@demo.com,2024-07-15,iOS,2.3.8
564,Yasmin Chada,yasminchada258@demo.com,2024-08-04,iOS,2.7.0
565,Tarini Saini,tarinisaini145@demo.com,2023-10-12,Android,1.8.8
566,Pari Raval,pariraval384@demo.com,2025-06-18,iOS,5.4.3
567,Taimur Venkataraman,taimurvenkataraman868@demo.com,2025-01-25,iOS,5.9.5
568,Gokul Trivedi,gokultrivedi433@demo.com,2025-02-09,Android,3.7.9
569,Vritika Goda,vritikagoda798@demo.com,2024-07-13,Android,3.3.5
570,Hansh Keer,hanshkeer417@demo.com,2024-06-09,Android,1.3.4
571,Lakshay Bal,lakshaybal764@demo.com,2025-01-28,Android,2.6.7
572,Prerak Raj,prerakraj780@demo.com,2024-03-27,iOS,5.3.5
573,Ela Wali,elawali324@demo.com,2023-11-09,iOS,1.9.8
574,Yuvraj  Goyal,yuvrajgoyal570@demo.com,2025-07-21,Android,3.7.3
575,Ryan Sibal,ryansibal564@demo.com,2025-04-09,Android,5.6.5
576,Advik Chandra,advikchandra877@demo.com,2025-06-30,Android,1.8.5
577,Priyansh Singhal,priyanshsinghal871@demo.com,2025-05-23,Android,5.5.3
578,Aarav Rao,aaravrao290@demo.com,2024-01-20,Android,1.8.0
579,Oorja Zachariah,oorjazachariah404@demo.com,2024-05-20,iOS,1.7.1
580,Hridaan Walla,hridaanwalla566@demo.com,2024-07-27,Android,3.8.6
581,Nishith Mannan,nishithmannan113@demo.com,2024-03-01,Android,2.9.7
582,Aayush Raj,aayushraj268@demo.com,2024-11-10,iOS,2.4.1
583,Riaan Sethi,riaansethi883@demo.com,2024-04-30,iOS,5.0.5
584,Kashvi Mand,kashvimand358@demo.com,2024-05-23,Android,5.7.0
585,Dhanush Halder,dhanushhalder535@demo.com,2024-02-12,Android,2.8.0
586,Armaan Krishna,armaankrishna312@demo.com,2023-09-20,Android,4.1.8
587,Aarav Devi,aaravdevi163@demo.com,2024-05-21,Android,1.7.9
588,Amani Guha,amaniguha909@demo.com,2025-06-10,iOS,2.7.0
589,Ivana Mahal,ivanamahal721@demo.com,2024-09-10,Android,5.2.8
590,Ojas Gandhi,ojasgandhi501@demo.com,2023-10-09,iOS,5.7.1
591,Krish Bawa,krishbawa944@demo.com,2025-05-24,iOS,4.2.6
592,Jhanvi Dugal,jhanvidugal144@demo.com,2025-02-21,iOS,2.5.2
593,Eva Bath,evabath48@demo.com,2024-05-08,iOS,4.3.3
594,Mamooty Chana,mamootychana503@demo.com,2024-01-07,iOS,4.9.2
595,Ranbir Bahl,ranbirbahl674@demo.com,2023-12-27,Android,2.0.0
596,Nitara Hora,nitarahora92@demo.com,2024-01-19,Android,1.3.5
597,Anahita Gokhale,anahitagokhale668@demo.com,2024-08-04,Android,5.2.0
598,Krish Goel,krishgoel617@demo.com,2025-03-05,iOS,1.2.0
599,Nirvi Lanka,nirvilanka536@demo.com,2024-05-01,Android,1.6.7
600,Ivan Shan,ivanshan754@demo.com,2024-11-22,iOS,1.5.8
601,Zara Dhar,zaradhar392@demo.com,2024-08-18,Android,5.2.1
602,Neelofar Bhatia,neelofarbhatia638@demo.com,2025-09-01,iOS,3.4.8
603,Piya Devan,piyadevan698@demo.com,2023-12-26,Android,5.1.8
604,Divyansh Ganesh,divyanshganesh301@demo.com,2024-03-18,Android,1.7.9
605,Kiaan Wadhwa,kiaanwadhwa234@demo.com,2024-03-06,Android,2.8.2
606,Samarth Manne,samarthmanne329@demo.com,2023-09-07,iOS,4.3.5
607,Prisha Kurian,prishakurian834@demo.com,2024-06-24,iOS,3.9.6
608,Samiha Korpal,samihakorpal155@demo.com,2025-02-17,Android,2.5.8
609,Indrans Vyas,indransvyas541@demo.com,2025-06-05,Android,4.8.1
610,Piya Vora,piyavora483@demo.com,2024-01-18,iOS,1.7.6
611,Saira Kashyap,sairakashyap743@demo.com,2025-09-03,iOS,1.1.9
612,Azad Jha,azadjha887@demo.com,2024-03-12,iOS,2.5.3
613,Shlok Chaudhuri,shlokchaudhuri914@demo.com,2025-04-02,Android,4.4.0
614,Kanav Mannan,kanavmannan224@demo.com,2023-10-13,Android,2.5.0
615,Romil Lanka,romillanka641@demo.com,2025-03-23,Android,5.3.1
616,Manjari Boase,manjariboase774@demo.com,2024-03-22,Android,4.3.3
617,Madhup Vora,madhupvora611@demo.com,2025-05-29,iOS,5.3.1
618,Ojas Sodhi,ojassodhi875@demo.com,2024-04-30,iOS,4.3.7
619,Ivana Gala,ivanagala398@demo.com,2025-01-20,iOS,4.4.4
620,Samar Lad,samarlad674@demo.com,2024-01-02,iOS,5.9.6
621,Saksham Karan,sakshamkaran485@demo.com,2024-12-05,Android,4.2.3
622,Taran Kakar,tarankakar679@demo.com,2024-05-13,Android,4.7.5
623,Kismat Luthra,kismatluthra801@demo.com,2023-12-19,iOS,4.2.1
624,Ranbir Bhatia,ranbirbhatia13@demo.com,2025-03-14,iOS,3.2.3
625,Shray Cheema,shraycheema208@demo.com,2025-08-14,iOS,5.7.9
626,Indrajit Ratta,indrajitratta629@demo.com,2024-11-04,Android,4.2.6
627,Saksham Hari,sakshamhari802@demo.com,2024-12-30,iOS,3.6.2
628,Nayantara Edwin,nayantaraedwin60@demo.com,2024-03-04,iOS,3.1.9
629,Vritika Saraf,vritikasaraf683@demo.com,2025-02-17,iOS,5.7.3
630,Mannat Ramanathan,mannatramanathan404@demo.com,2025-06-22,iOS,1.5.1
631,Alia Ranganathan,aliaranganathan839@demo.com,2023-09-19,Android,2.2.9
632,Vritika Chada,vritikachada308@demo.com,2025-02-14,iOS,5.4.5
633,Saira Rajagopalan,sairarajagopalan515@demo.com,2024-09-16,Android,5.9.2
634,Azad Chauhan,azadchauhan305@demo.com,2025-04-08,Android,2.3.3
635,Eshani Rau,eshanirau967@demo.com,2024-06-07,iOS,2.7.1
636,Bhamini Goel,bhaminigoel219@demo.com,2025-05-28,iOS,5.1.8
637,Nakul Bath,nakulbath696@demo.com,2024-06-15,Android,5.6.6
638,Dharmajan Keer,dharmajankeer965@demo.com,2023-12-22,Android,4.5.9
639,Nakul Ramachandran,nakulramachandran619@demo.com,2024-02-17,iOS,3.4.6
640,Kanav Banerjee,kanavbanerjee899@demo.com,2025-01-06,iOS,4.3.4
641,Indrajit Doctor,indrajitdoctor518@demo.com,2024-12-28,Android,4.7.4
642,Hiran Basak,hiranbasak160@demo.com,2025-02-25,Android,5.0.5
643,Jhanvi Hari,jhanvihari19@demo.com,2023-09-14,Android,1.5.3
644,Kashvi Ravel,kashviravel880@demo.com,2024-05-23,iOS,3.0.7
645,Kaira Golla,kairagolla420@demo.com,2025-03-25,Android,5.1.1
646,Onkar Das,onkardas618@demo.com,2025-02-02,Android,1.9.5
647,Trisha Ghosh,trishaghosh506@demo.com,2024-05-15,Android,2.4.6
648,Mehul Shankar,mehulshankar655@demo.com,2024-06-19,iOS,4.5.8
649,Jayant Chaudhry,jayantchaudhry664@demo.com,2025-06-10,iOS,5.7.3
650,Uthkarsh Gour,uthkarshgour986@demo.com,2025-01-30,Android,2.5.3
651,Navya Guha,navyaguha950@demo.com,2024-10-13,Android,5.5.6
652,Aarav Sidhu,aaravsidhu980@demo.com,2025-04-23,Android,1.0.1
653,Saksham Bansal,sakshambansal636@demo.com,2023-10-17,Android,1.8.7
654,Heer Jayaraman,heerjayaraman56@demo.com,2023-11-03,iOS,4.4.5
655,Arnav Golla,arnavgolla100@demo.com,2024-11-14,iOS,4.9.1
656,Aaina Banerjee,aainabanerjee146@demo.com,2024-02-17,Android,3.2.2
657,Miraan Mandal,miraanmandal94@demo.com,2024-07-11,Android,4.0.8
658,Aaina Bhatt,aainabhatt50@demo.com,2023-12-08,Android,3.6.9
659,Madhav Zachariah,madhavzachariah923@demo.com,2025-09-01,Android,1.8.4
660,Farhan Varma,farhanvarma895@demo.com,2025-08-08,iOS,3.7.6
661,Jiya Manda,jiyamanda881@demo.com,2024-03-08,iOS,4.8.3
662,Ritvik Shan,ritvikshan260@demo.com,2025-03-12,Android,2.1.8
663,Rhea Dayal,rheadayal168@demo.com,2025-01-15,Android,2.0.9
664,Shalv Rama,shalvrama705@demo.com,2025-04-21,iOS,1.3.2
665,Eshani Sagar,eshanisagar987@demo.com,2023-11-02,Android,3.2.6
666,Ojas Bhalla,ojasbhalla125@demo.com,2024-02-08,Android,5.6.0
667,Shalv Chakrabarti,shalvchakrabarti516@demo.com,2025-01-04,iOS,3.0.3
668,Shamik Sule,shamiksule247@demo.com,2025-05-03,Android,1.3.4
669,Kanav Shere,kanavshere113@demo.com,2024-08-30,Android,3.7.4
670,Shanaya Suresh,shanayasuresh34@demo.com,2025-04-01,iOS,2.5.9
671,Arnav Sundaram,arnavsundaram459@demo.com,2024-03-11,Android,2.2.8
672,Urvi Bajaj,urvibajaj545@demo.com,2023-10-29,iOS,4.2.4
673,Ranbir Wadhwa,ranbirwadhwa142@demo.com,2023-10-26,iOS,5.9.4
674,Alia Kapur,aliakapur12@demo.com,2024-08-08,iOS,4.5.9
675,Aarush Sridhar,aarushsridhar885@demo.com,2025-06-03,Android,2.9.7
676,Kabir Sur,kabirsur793@demo.com,2025-01-01,iOS,3.6.7
677,Dhanush Yogi,dhanushyogi658@demo.com,2025-05-17,Android,4.8.3
678,Hansh Cheema,hanshcheema84@demo.com,2024-11-22,iOS,4.2.9
679,Anahi Dua,anahidua23@demo.com,2025-03-24,iOS,4.2.4
680,Nayantara Lala,nayantaralala485@demo.com,2024-07-04,Android,5.2.7
681,Rasha Madan,rashamadan700@demo.com,2023-12-11,iOS,1.5.9
682,Trisha Ahuja,trishaahuja703@demo.com,2025-07-23,Android,3.8.1
683,Ahana  Wadhwa,ahanawadhwa884@demo.com,2025-04-09,Android,5.1.0
684,Mehul Jayaraman,mehuljayaraman7@demo.com,2024-06-10,iOS,5.4.9
685,Zeeshan Johal,zeeshanjohal893@demo.com,2024-11-11,iOS,1.0.4
686,Ivan Wadhwa,ivanwadhwa937@demo.com,2024-06-18,iOS,1.8.1
687,Mishti Brar,mishtibrar884@demo.com,2024-10-09,Android,2.8.0
688,Aradhya Konda,aradhyakonda513@demo.com,2024-09-20,Android,4.0.5
689,Kimaya Badami,kimayabadami992@demo.com,2024-08-04,Android,2.2.6
690,Himmat Keer,himmatkeer238@demo.com,2023-12-12,Android,5.8.0
691,Kavya Balay,kavyabalay224@demo.com,2024-03-18,iOS,5.3.3
692,Ishaan Handa,ishaanhanda937@demo.com,2024-01-25,Android,2.6.9
693,Yakshit Zacharia,yakshitzacharia502@demo.com,2025-04-07,iOS,1.2.6
694,Zaina Varty,zainavarty17@demo.com,2024-03-12,iOS,1.8.8
695,Mohanlal Thakkar,mohanlalthakkar538@demo.com,2024-10-21,Android,3.7.4
696,Jayesh Chaudhuri,jayeshchaudhuri104@demo.com,2025-01-12,iOS,3.6.6
697,Hansh Shah,hanshshah185@demo.com,2023-10-30,iOS,3.1.9
698,Aradhya Doctor,aradhyadoctor459@demo.com,2024-07-27,Android,2.9.3
699,Zain Kalita,zainkalita883@demo.com,2024-07-23,iOS,1.4.5
700,Armaan Sathe,armaansathe746@demo.com,2025-04-07,iOS,1.9.3
701,Kismat Kakar,kismatkakar937@demo.com,2025-03-18,Android,1.7.4
702,Amira Bhattacharyya,amirabhattacharyya978@demo.com,2025-01-17,Android,5.0.5
703,Farhan Goswami,farhangoswami271@demo.com,2024-07-06,iOS,3.8.0
704,Trisha Vohra,trishavohra138@demo.com,2024-07-12,Android,3.1.5
705,Jayan Hayer,jayanhayer793@demo.com,2025-05-19,iOS,5.6.9
706,Onkar Ahuja,onkarahuja644@demo.com,2024-02-16,iOS,3.5.0
707,Indrans Kothari,indranskothari674@demo.com,2025-08-17,iOS,2.1.8
708,Misha Bora,mishabora945@demo.com,2024-11-14,Android,1.2.4
709,Ranbir Borah,ranbirborah940@demo.com,2024-03-28,iOS,2.1.7
710,Dhanuk Sama,dhanuksama245@demo.com,2025-03-24,Android,1.0.0
711,Drishya Dayal,drishyadayal337@demo.com,2024-11-06,iOS,5.2.7
712,Dhanuk Dasgupta,dhanukdasgupta625@demo.com,2024-06-08,Android,2.9.6
713,Manikya Kala,manikyakala896@demo.com,2024-02-26,iOS,3.6.4
714,Pari Brahmbhatt,paribrahmbhatt73@demo.com,2023-10-05,iOS,2.4.5
715,Saksham Kunda,sakshamkunda86@demo.com,2024-10-18,iOS,5.6.9
716,Heer Chowdhury,heerchowdhury142@demo.com,2025-01-28,iOS,4.9.8
717,Lakshit Setty,lakshitsetty500@demo.com,2025-06-12,iOS,5.1.0
718,Manjari Ahuja,manjariahuja647@demo.com,2023-12-08,iOS,2.9.8
719,Ela Maharaj,elamaharaj316@demo.com,2024-03-31,Android,4.3.7
720,Kaira Yohannan,kairayohannan412@demo.com,2024-08-01,Android,5.7.9
721,Kiara Sarkar,kiarasarkar152@demo.com,2025-04-06,iOS,1.1.5
722,Ishaan Datta,ishaandatta589@demo.com,2025-05-23,Android,2.9.4
723,Yuvaan Bhalla,yuvaanbhalla610@demo.com,2024-08-18,Android,4.8.9
724,Samaira Raju,samairaraju761@demo.com,2025-02-21,iOS,5.4.8
725,Bhamini Seshadri,bhaminiseshadri440@demo.com,2025-02-01,iOS,1.5.2
726,Zoya Vaidya,zoyavaidya482@demo.com,2024-08-27,iOS,2.6.3
727,Kimaya Ratti,kimayaratti157@demo.com,2024-05-02,iOS,1.5.2
728,Urvi Mander,urvimander600@demo.com,2025-07-30,Android,5.7.3
729,Samaira Dutt,samairadutt257@demo.com,2023-12-29,iOS,5.9.7
730,Aaina Contractor,aainacontractor957@demo.com,2024-10-12,iOS,4.1.0
731,Alia Venkatesh,aliavenkatesh112@demo.com,2024-08-11,Android,3.3.3
732,Manikya Bawa,manikyabawa876@demo.com,2024-05-04,iOS,1.6.6
733,Arhaan Lad,arhaanlad748@demo.com,2025-08-29,iOS,4.8.6
734,Rati Roy,ratiroy945@demo.com,2025-08-28,iOS,2.6.9
735,Raghav Roy,raghavroy62@demo.com,2024-01-29,iOS,3.8.1
736,Sumer Goyal,sumergoyal578@demo.com,2024-09-18,iOS,2.5.6
737,Nirvi Bakshi,nirvibakshi447@demo.com,2023-12-13,Android,3.5.0
738,Ritvik Singh,ritviksingh939@demo.com,2024-07-21,iOS,2.8.0
739,Kartik Tandon,kartiktandon852@demo.com,2024-06-29,Android,4.0.1
740,Tushar Sahota,tusharsahota177@demo.com,2025-08-22,Android,4.6.8
741,Pranay Shenoy,pranayshenoy742@demo.com,2025-08-24,iOS,3.8.4
742,Dishani Hayer,dishanihayer993@demo.com,2024-11-10,iOS,5.7.7
743,Parinaaz Rama,parinaazrama187@demo.com,2024-11-05,iOS,3.9.9
744,Dharmajan Date,dharmajandate319@demo.com,2023-09-25,Android,4.3.1
745,Pranay Behl,pranaybehl67@demo.com,2024-02-03,iOS,5.8.5
746,Divij Tank,divijtank284@demo.com,2025-05-12,Android,1.3.5
747,Aniruddh Gokhale,aniruddhgokhale76@demo.com,2024-04-10,iOS,1.1.9
748,Mehul Rao,mehulrao579@demo.com,2025-04-07,Android,2.7.8
749,Samar Kapadia,samarkapadia925@demo.com,2023-09-24,Android,5.4.2
750,Pari Varughese,parivarughese238@demo.com,2025-05-30,Android,4.7.4
751,Aarush Krishnamurthy,aarushkrishnamurthy428@demo.com,2024-11-29,Android,1.7.9
752,Inaaya  Jhaveri,inaayajhaveri729@demo.com,2024-03-06,Android,2.1.6
753,Oorja Lanka,oorjalanka973@demo.com,2025-08-12,iOS,1.1.2
754,Raghav Khanna,raghavkhanna892@demo.com,2024-02-17,Android,5.0.4
755,Kiara Luthra,kiaraluthra886@demo.com,2023-12-30,Android,2.6.4
756,Piya Sinha,piyasinha801@demo.com,2024-01-07,Android,1.4.2
757,Mohanlal Sant,mohanlalsant813@demo.com,2024-02-11,iOS,4.4.1
758,Trisha Ratti,trisharatti334@demo.com,2025-05-07,Android,2.3.0
759,Zeeshan Savant,zeeshansavant677@demo.com,2024-04-20,iOS,3.0.3
760,Kartik Goda,kartikgoda783@demo.com,2024-01-15,iOS,3.2.9
761,Emir Malhotra,emirmalhotra893@demo.com,2024-09-22,Android,5.7.9
762,Zain Tiwari,zaintiwari862@demo.com,2023-12-12,Android,5.6.7
763,Mahika Iyengar,mahikaiyengar278@demo.com,2025-03-23,iOS,4.3.7
764,Rohan Loke,rohanloke73@demo.com,2024-07-12,Android,2.8.5
765,Diya Swaminathan,diyaswaminathan137@demo.com,2024-06-16,iOS,3.1.8
766,Vedika Acharya,vedikaacharya941@demo.com,2024-08-27,Android,4.8.0
767,Biju Lata,bijulata377@demo.com,2025-05-21,Android,2.1.0
768,Dhanush Gaba,dhanushgaba92@demo.com,2025-08-03,Android,4.9.5
769,Zaina Batta,zainabatta449@demo.com,2024-08-29,Android,3.0.1
770,Azad Chandran,azadchandran156@demo.com,2024-05-17,iOS,3.9.4
771,Samaira Gill,samairagill117@demo.com,2025-07-06,iOS,1.8.6
772,Ira Venkataraman,iravenkataraman437@demo.com,2023-12-06,iOS,4.4.7
773,Hiran Setty,hiransetty84@demo.com,2024-12-03,Android,2.9.8
774,Arnav Sant,arnavsant321@demo.com,2024-12-23,iOS,3.5.5
775,Divij Subramanian,divijsubramanian846@demo.com,2024-07-12,Android,5.5.6
776,Arnav Venkatesh,arnavvenkatesh360@demo.com,2024-03-22,Android,2.6.1
777,Badal Dewan,badaldewan951@demo.com,2024-04-25,Android,1.6.9
778,Lagan Bhalla,laganbhalla882@demo.com,2024-04-29,Android,5.0.4
779,Seher Rajagopalan,seherrajagopalan919@demo.com,2024-07-01,iOS,1.1.1
780,Ehsaan Sharma,ehsaansharma605@demo.com,2024-07-25,Android,1.6.0
781,Ranbir Hayer,ranbirhayer87@demo.com,2023-09-27,Android,3.5.9
782,Elakshi Doshi,elakshidoshi489@demo.com,2023-11-06,iOS,5.3.0
783,Lavanya Chopra,lavanyachopra64@demo.com,2023-10-30,Android,2.0.0
784,Kaira Wagle,kairawagle535@demo.com,2025-02-28,iOS,3.1.1
785,Farhan Sura,farhansura643@demo.com,2025-03-23,iOS,1.8.9
786,Mahika Chokshi,mahikachokshi78@demo.com,2024-06-27,Android,4.5.5
787,Lakshit Chanda,lakshitchanda205@demo.com,2025-03-24,iOS,1.7.2
788,Ishaan Joshi,ishaanjoshi427@demo.com,2024-12-16,Android,4.7.3
789,Sana Goda,sanagoda654@demo.com,2024-08-20,iOS,3.7.9
790,Jiya Mallick,jiyamallick545@demo.com,2024-12-19,Android,2.1.5
791,Romil Saha,romilsaha681@demo.com,2024-10-14,iOS,4.5.7
792,Saira Ahuja,sairaahuja316@demo.com,2023-10-23,iOS,1.0.8
793,Dharmajan Iyer,dharmajaniyer207@demo.com,2024-09-20,iOS,3.9.7
794,Anay Bath,anaybath424@demo.com,2025-08-20,Android,4.9.5
795,Ishita Kaul,ishitakaul24@demo.com,2025-01-11,iOS,5.7.6
796,Akarsh Kari,akarshkari385@demo.com,2024-10-22,iOS,1.9.1
797,Samar Gera,samargera877@demo.com,2024-07-25,iOS,3.2.3
798,Samarth Goda,samarthgoda443@demo.com,2025-08-26,iOS,3.9.7
799,Aradhya Chaudhary,aradhyachaudhary75@demo.com,2024-01-12,iOS,3.7.4
800,Ela Krishnamurthy,elakrishnamurthy875@demo.com,2025-08-09,Android,5.6.6
801,Kiara Ratti,kiararatti73@demo.com,2024-11-05,iOS,2.9.9
802,Rasha Kurian,rashakurian838@demo.com,2024-01-24,iOS,2.4.8
803,Tara Bhattacharyya,tarabhattacharyya941@demo.com,2025-05-14,iOS,1.0.3
804,Tanya Bedi,tanyabedi626@demo.com,2025-03-02,iOS,1.3.6
805,Kavya Dora,kavyadora740@demo.com,2025-04-21,iOS,5.6.9
806,Purab Chander,purabchander258@demo.com,2025-03-12,iOS,4.9.2
807,Rati Hora,ratihora685@demo.com,2025-08-02,iOS,2.3.2
808,Jayan Yogi,jayanyogi395@demo.com,2024-05-07,iOS,3.3.5
809,Purab Sethi,purabsethi291@demo.com,2024-06-01,iOS,1.3.1
810,Samaira Ramachandran,samairaramachandran133@demo.com,2025-04-10,iOS,4.4.9
811,Ahana  Iyer,ahanaiyer940@demo.com,2024-05-02,iOS,2.1.3
812,Myra Brahmbhatt,myrabrahmbhatt161@demo.com,2025-04-28,iOS,5.5.6
813,Shaan Chakrabarti,shaanchakrabarti658@demo.com,2024-10-20,iOS,4.1.8
814,Chirag Manne,chiragmanne908@demo.com,2025-08-27,Android,1.4.0
815,Jayant Deshmukh,jayantdeshmukh946@demo.com,2023-11-25,iOS,2.2.6
816,Vivaan Apte,vivaanapte420@demo.com,2024-01-10,Android,3.6.3
817,Advika De,advikade562@demo.com,2023-11-28,Android,3.8.7
818,Kaira Bose,kairabose593@demo.com,2024-05-12,Android,1.8.6
819,Kashvi Chaudhuri,kashvichaudhuri895@demo.com,2024-03-28,Android,5.3.7
820,Samar Sha,samarsha104@demo.com,2025-01-28,Android,5.7.9
821,Prisha Apte,prishaapte520@demo.com,2024-11-16,Android,4.3.6
822,Darshit Korpal,darshitkorpal243@demo.com,2024-07-24,Android,2.7.2
823,Himmat Bhardwaj,himmatbhardwaj877@demo.com,2025-04-30,Android,2.1.4
824,Ojas Gokhale,ojasgokhale414@demo.com,2024-12-29,iOS,4.4.7
825,Samiha Rout,samiharout98@demo.com,2023-09-21,Android,1.6.4
826,Oorja Buch,oorjabuch349@demo.com,2024-08-29,Android,4.1.3
827,Mehul Bedi,mehulbedi503@demo.com,2023-12-08,iOS,1.2.5
828,Aarna Reddy,aarnareddy491@demo.com,2025-05-06,Android,3.6.2
829,Alisha Goyal,alishagoyal974@demo.com,2024-04-05,iOS,3.6.4
830,Umang Korpal,umangkorpal651@demo.com,2025-03-03,iOS,1.5.4
831,Tushar Anne,tusharanne865@demo.com,2024-08-04,iOS,3.6.4
832,Hridaan Kala,hridaankala698@demo.com,2025-06-10,Android,1.7.1
833,Faiyaz Dave,faiyazdave418@demo.com,2023-11-27,iOS,3.1.6
834,Tejas Jaggi,tejasjaggi295@demo.com,2025-03-03,Android,2.5.6
835,Samarth Dhar,samarthdhar593@demo.com,2024-08-30,Android,4.0.0
836,Divij Din,divijdin959@demo.com,2024-02-23,iOS,2.9.8
837,Hazel Deo,hazeldeo772@demo.com,2024-03-16,Android,2.2.7
838,Tushar Cherian,tusharcherian707@demo.com,2023-11-28,Android,2.0.0
839,Nirvaan Handa,nirvaanhanda254@demo.com,2024-01-07,Android,3.2.7
840,Kiara Bhatti,kiarabhatti272@demo.com,2024-09-22,iOS,4.9.7
841,Sumer Dayal,sumerdayal587@demo.com,2025-08-05,iOS,2.2.2
842,Farhan Bhasin,farhanbhasin704@demo.com,2023-11-21,Android,3.1.2
843,Elakshi Barad,elakshibarad352@demo.com,2024-11-13,iOS,1.6.1
844,Samiha Dixit,samihadixit421@demo.com,2024-02-19,iOS,3.8.4
845,Arnav Kothari,arnavkothari731@demo.com,2024-08-08,Android,4.2.3
846,Tejas Kari,tejaskari660@demo.com,2025-08-30,iOS,2.0.0
847,Faiyaz Johal,faiyazjohal216@demo.com,2025-02-20,iOS,3.4.4
848,Arnav Varty,arnavvarty771@demo.com,2025-05-12,iOS,1.1.3
849,Eshani Warrior,eshaniwarrior331@demo.com,2024-08-15,iOS,1.4.8
850,Dhanuk Ganesh,dhanukganesh363@demo.com,2025-05-26,iOS,3.6.9
851,Tanya Yohannan,tanyayohannan294@demo.com,2025-05-08,Android,3.3.0
852,Vanya Sridhar,vanyasridhar250@demo.com,2025-04-22,iOS,3.6.2
853,Priyansh Gola,priyanshgola578@demo.com,2025-07-01,Android,2.0.6
854,Tara Manda,taramanda477@demo.com,2024-11-22,iOS,1.7.6
855,Shalv Krishna,shalvkrishna494@demo.com,2024-01-14,Android,3.0.7
856,Lakshay Bhalla,lakshaybhalla410@demo.com,2024-02-08,Android,5.0.8
857,Sara Bhasin,sarabhasin637@demo.com,2024-09-23,Android,2.8.3
858,Uthkarsh Seshadri,uthkarshseshadri860@demo.com,2024-03-29,Android,1.6.0
859,Rania Randhawa,raniarandhawa713@demo.com,2023-12-01,Android,2.1.8
860,Prisha Bir,prishabir342@demo.com,2024-02-06,iOS,5.3.6
861,Hansh Sankaran,hanshsankaran34@demo.com,2025-03-04,iOS,3.9.4
862,Eshani Walia,eshaniwalia301@demo.com,2025-08-23,Android,2.0.9
863,Ivana Bali,ivanabali14@demo.com,2025-08-16,iOS,3.5.9
864,Nayantara Lata,nayantaralata522@demo.com,2024-03-30,iOS,1.3.3
865,Ivan Maharaj,ivanmaharaj583@demo.com,2023-10-14,iOS,1.1.8
866,Lagan Golla,lagangolla223@demo.com,2025-07-26,iOS,3.8.8
867,Pranay Ben,pranayben802@demo.com,2024-11-22,Android,4.4.3
868,Chirag Behl,chiragbehl949@demo.com,2024-07-12,iOS,1.1.8
869,Lakshay Samra,lakshaysamra574@demo.com,2025-01-09,Android,3.8.3
870,Lakshit Basu,lakshitbasu724@demo.com,2023-10-06,Android,4.3.0
871,Kartik Mander,kartikmander686@demo.com,2024-01-19,Android,1.1.8
872,Kartik Chaudhary,kartikchaudhary460@demo.com,2024-08-10,iOS,4.4.4
873,Kavya Gala,kavyagala156@demo.com,2024-11-17,iOS,2.7.4
874,Advika Yadav,advikayadav539@demo.com,2025-05-12,iOS,5.7.7
875,Nehmat Bobal,nehmatbobal918@demo.com,2025-01-14,Android,5.3.2
876,Jivin Bhatnagar,jivinbhatnagar122@demo.com,2025-06-27,iOS,2.8.1
877,Miraan Lanka,miraanlanka402@demo.com,2024-02-09,Android,4.2.6
878,Hrishita Behl,hrishitabehl185@demo.com,2025-03-30,Android,5.7.9
879,Aarush Yadav,aarushyadav817@demo.com,2024-07-11,Android,2.3.4
880,Yashvi Char,yashvichar951@demo.com,2024-11-11,Android,2.0.9
881,Kartik Seth,kartikseth146@demo.com,2024-06-16,iOS,2.4.3
882,Purab Sengupta,purabsengupta151@demo.com,2023-10-15,Android,4.3.5
883,Romil Dewan,romildewan832@demo.com,2024-04-02,Android,3.0.5
884,Kimaya Master,kimayamaster922@demo.com,2024-06-12,Android,5.4.8
885,Rania Krishnan,raniakrishnan23@demo.com,2025-05-31,iOS,2.0.3
886,Kashvi Sani,kashvisani23@demo.com,2023-10-06,iOS,1.7.5
887,Shamik Badal,shamikbadal535@demo.com,2024-12-14,Android,3.9.4
888,Riaan Lall,riaanlall596@demo.com,2024-10-31,iOS,1.6.8
889,Hridaan Dubey,hridaandubey715@demo.com,2024-08-05,Android,5.0.3
890,Nakul Mallick,nakulmallick381@demo.com,2025-02-13,Android,2.4.6
891,Sana Varghese,sanavarghese457@demo.com,2024-12-25,Android,3.0.8
892,Shamik Bali,shamikbali326@demo.com,2024-07-15,iOS,1.3.5
893,Amani Gala,amanigala202@demo.com,2025-02-07,Android,4.0.5
894,Shlok Loyal,shlokloyal345@demo.com,2023-12-04,Android,5.4.7
895,Urvi Sinha,urvisinha39@demo.com,2024-03-15,Android,4.1.1
896,Hiran Bail,hiranbail692@demo.com,2024-08-16,iOS,5.9.2
897,Samiha Gour,samihagour377@demo.com,2024-10-16,iOS,1.7.2
898,Amira Dasgupta,amiradasgupta503@demo.com,2024-09-29,iOS,5.0.5
899,Samaira Bhattacharyya,samairabhattacharyya269@demo.com,2023-11-20,Android,2.0.7
900,Bhamini Sandal,bhaminisandal49@demo.com,2024-01-26,Android,5.4.4
901,Rasha Suresh,rashasuresh929@demo.com,2024-02-01,iOS,4.4.7
902,Nakul Doshi,nakuldoshi563@demo.com,2025-05-11,iOS,2.4.0
903,Vivaan Buch,vivaanbuch133@demo.com,2025-06-04,Android,1.2.6
904,Emir Kala,emirkala451@demo.com,2024-06-03,iOS,4.1.5
905,Dhanuk Rajagopalan,dhanukrajagopalan74@demo.com,2024-06-01,iOS,2.3.7
906,Divit Bhatti,divitbhatti489@demo.com,2024-01-19,Android,3.3.2
907,Ivana Bawa,ivanabawa60@demo.com,2025-02-08,Android,2.7.5
908,Kartik Ganesh,kartikganesh642@demo.com,2024-04-21,iOS,2.4.2
909,Divij Atwal,divijatwal867@demo.com,2024-07-31,iOS,3.5.5
910,Vanya Chander,vanyachander481@demo.com,2025-07-17,Android,4.8.5
911,Abram Issac,abramissac227@demo.com,2024-02-15,Android,5.3.3
912,Heer Tandon,heertandon563@demo.com,2024-05-10,iOS,1.3.3
913,Saanvi Bhatnagar,saanvibhatnagar758@demo.com,2025-02-24,Android,2.2.0
914,Kiara Dara,kiaradara560@demo.com,2025-01-27,iOS,1.8.4
915,Yuvraj  Reddy,yuvrajreddy803@demo.com,2024-12-19,iOS,2.4.0
916,Siya Virk,siyavirk487@demo.com,2025-02-04,iOS,4.9.9
917,Raghav Kalita,raghavkalita502@demo.com,2024-02-28,iOS,5.3.9
918,Vihaan Chacko,vihaanchacko125@demo.com,2024-01-05,Android,2.7.0
919,Nirvaan Shankar,nirvaanshankar566@demo.com,2024-03-06,Android,1.0.9
920,Tiya Uppal,tiyauppal413@demo.com,2024-02-01,iOS,3.4.2
921,Navya Chauhan,navyachauhan103@demo.com,2024-11-03,Android,3.8.2
922,Jayesh Sachar,jayeshsachar206@demo.com,2024-12-14,Android,1.0.9
923,Hunar Ahluwalia,hunarahluwalia119@demo.com,2025-06-23,Android,4.4.2
924,Rania Sastry,raniasastry668@demo.com,2025-07-25,Android,4.7.4
925,Vivaan Chokshi,vivaanchokshi815@demo.com,2024-10-26,Android,3.2.8
926,Oorja Kapur,oorjakapur257@demo.com,2024-06-01,iOS,4.5.4
927,Lakshit Sarna,lakshitsarna851@demo.com,2024-09-05,Android,3.5.1
928,Diya Shanker,diyashanker201@demo.com,2025-08-06,Android,1.4.0
929,Renee Lad,reneelad96@demo.com,2023-09-10,Android,5.0.4
930,Samaira Mane,samairamane540@demo.com,2024-04-16,iOS,3.9.9
931,Kimaya Kapur,kimayakapur426@demo.com,2024-09-06,Android,3.7.8
932,Jiya Basu,jiyabasu761@demo.com,2024-03-21,Android,4.6.6
933,Darshit Chatterjee,darshitchatterjee183@demo.com,2024-05-28,iOS,2.2.9
934,Mahika Chokshi,mahikachokshi432@demo.com,2025-01-09,Android,5.3.9
935,Nayantara Aurora,nayantaraaurora693@demo.com,2023-10-01,iOS,2.5.9
936,Lavanya Shroff,lavanyashroff102@demo.com,2024-09-05,Android,1.4.0
937,Drishya Vig,drishyavig257@demo.com,2025-09-02,Android,1.9.5
938,Ishaan Chakrabarti,ishaanchakrabarti387@demo.com,2024-06-03,Android,1.2.7
939,Prerak Seshadri,prerakseshadri364@demo.com,2025-08-15,iOS,2.5.2
940,Chirag Chand,chiragchand655@demo.com,2025-03-07,iOS,4.1.4
941,Ahana  Kurian,ahanakurian956@demo.com,2023-10-23,Android,2.2.9
942,Amani Lad,amanilad275@demo.com,2023-09-22,Android,1.7.4
943,Lagan Tripathi,lagantripathi608@demo.com,2024-04-17,iOS,5.9.4
944,Rasha Sagar,rashasagar433@demo.com,2025-01-22,iOS,1.6.4
945,Advik Atwal,advikatwal947@demo.com,2023-09-18,iOS,4.3.0
946,Shayak Comar,shayakcomar326@demo.com,2024-08-16,Android,1.5.9
947,Vidur Sahota,vidursahota530@demo.com,2025-02-21,Android,1.3.0
948,Priyansh Brar,priyanshbrar543@demo.com,2024-02-10,Android,5.5.0
949,Diya Johal,diyajohal746@demo.com,2024-08-08,iOS,4.2.4
950,Manikya Dyal,manikyadyal214@demo.com,2025-08-02,iOS,4.8.9
951,Shaan Kade,shaankade817@demo.com,2025-04-13,Android,1.9.2
952,Riya Walla,riyawalla303@demo.com,2024-01-20,iOS,2.0.4
953,Hridaan Chada,hridaanchada718@demo.com,2025-05-02,Android,5.7.8
954,Jivika Rau,jivikarau576@demo.com,2024-12-19,iOS,1.5.3
955,Jayesh Korpal,jayeshkorpal957@demo.com,2024-07-18,Android,1.6.1
956,Advika Saini,advikasaini594@demo.com,2024-03-13,iOS,3.9.8
957,Indrans Atwal,indransatwal485@demo.com,2024-04-14,iOS,1.9.3
958,Jayesh Behl,jayeshbehl336@demo.com,2025-02-20,iOS,5.3.1
959,Kashvi Chacko,kashvichacko802@demo.com,2024-12-23,iOS,1.2.9
960,Keya Som,keyasom923@demo.com,2025-01-03,Android,5.5.3
961,Sahil Chand,sahilchand255@demo.com,2025-05-24,Android,5.8.9
962,Adah Shankar,adahshankar224@demo.com,2025-07-18,iOS,1.5.2
963,Jivin Madan,jivinmadan614@demo.com,2025-05-19,Android,2.3.2
964,Shlok Kulkarni,shlokkulkarni798@demo.com,2025-04-21,Android,3.3.3
965,Prisha Magar,prishamagar886@demo.com,2024-03-11,iOS,2.1.4
966,Pari Dhingra,paridhingra6@demo.com,2024-03-25,iOS,3.3.7
967,Pihu Sridhar,pihusridhar557@demo.com,2023-11-22,iOS,2.1.5
968,Saira Kannan,sairakannan70@demo.com,2025-01-12,Android,4.8.7
969,Tara Dugar,taradugar790@demo.com,2025-05-12,iOS,5.3.6
970,Jayan Shere,jayanshere32@demo.com,2024-02-11,iOS,3.4.1
971,Anaya Hari,anayahari773@demo.com,2024-01-19,Android,5.2.0
972,Mehul Ram,mehulram717@demo.com,2024-02-28,Android,3.0.8
973,Tejas Karpe,tejaskarpe575@demo.com,2025-03-24,iOS,2.0.1
974,Diya Rajagopal,diyarajagopal943@demo.com,2024-12-09,Android,1.6.8
975,Tarini Bhakta,tarinibhakta763@demo.com,2025-07-04,Android,1.7.6
976,Nitya Dada,nityadada405@demo.com,2024-09-07,iOS,3.3.8
977,Shlok Dayal,shlokdayal900@demo.com,2024-02-25,iOS,2.0.7
978,Heer Shankar,heershankar17@demo.com,2025-05-07,Android,3.7.2
979,Ehsaan Virk,ehsaanvirk951@demo.com,2024-05-12,Android,4.2.6
980,Indrans Kurian,indranskurian135@demo.com,2024-04-25,Android,2.4.3
981,Nirvi Deshmukh,nirvideshmukh384@demo.com,2024-01-08,Android,1.2.2
982,Nakul Bala,nakulbala120@demo.com,2023-09-11,Android,3.4.5
983,Amira Krishnamurthy,amirakrishnamurthy442@demo.com,2024-11-25,iOS,4.4.9
984,Aarna Kalita,aarnakalita204@demo.com,2024-11-26,iOS,5.0.0
985,Aniruddh Shankar,aniruddhshankar145@demo.com,2025-05-05,Android,5.2.2
986,Ahana  Bora,ahanabora902@demo.com,2024-06-06,Android,2.3.7
987,Aarav Borra,aaravborra766@demo.com,2024-05-25,iOS,5.1.1
988,Mohanlal Zachariah,mohanlalzachariah593@demo.com,2024-04-15,iOS,4.0.9
989,Misha Srivastava,mishasrivastava766@demo.com,2024-07-04,iOS,1.3.9
990,Amani Manne,amanimanne218@demo.com,2024-01-13,Android,3.8.8
991,Aarav Shenoy,aaravshenoy157@demo.com,2025-06-06,iOS,1.6.2
992,Renee Arora,reneearora729@demo.com,2025-08-27,Android,2.1.1
993,Shamik Walla,shamikwalla315@demo.com,2024-06-09,Android,2.1.7
994,Vidur Iyer,viduriyer406@demo.com,2025-01-22,Android,1.6.1
995,Neelofar Vaidya,neelofarvaidya655@demo.com,2025-08-29,iOS,2.8.6
996,Stuvan Buch,stuvanbuch387@demo.com,2024-04-14,iOS,2.6.9
997,Neysa Arya,neysaarya551@demo.com,2025-03-26,Android,2.2.7
998,Lakshit Jayaraman,lakshitjayaraman814@demo.com,2024-05-06,iOS,5.8.8
999,Shayak Zachariah,shayakzachariah509@demo.com,2023-12-24,iOS,2.7.6
1000,Eva Khanna,evakhanna611@demo.com,2025-05-21,Android,5.6.5
